Datetime,Water Level (m)
2025-03-27 18:00:00,0.20974524
2025-03-27 19:00:00,0.34529865
2025-03-27 20:00:00,0.37673187
2025-03-27 21:00:00,0.31188712
2025-03-27 22:00:00,0.22188643
2025-03-27 23:00:00,0.12019839
2025-03-28 00:00:00,0.027810832
2025-03-28 01:00:00,-0.059681986
2025-03-28 02:00:00,-0.1451712
2025-03-28 03:00:00,-0.20920195
2025-03-28 04:00:00,-0.17948419
2025-03-28 05:00:00,-0.032997012
2025-03-28 06:00:00,0.118675806
2025-03-28 07:00:00,0.3194104
2025-03-28 08:00:00,0.38779986
2025-03-28 09:00:00,0.3279541
2025-03-28 10:00:00,0.24729203
2025-03-28 11:00:00,0.14759743
2025-03-28 12:00:00,0.055662222
2025-03-28 13:00:00,-0.022879519
2025-03-28 14:00:00,-0.10814193
2025-03-28 15:00:00,-0.17767115
2025-03-28 16:00:00,-0.15249723
2025-03-28 17:00:00,0.0022563075
2025-03-28 18:00:00,0.17582214
2025-03-28 19:00:00,0.37976244
2025-03-28 20:00:00,0.4716232
2025-03-28 21:00:00,0.4604937
2025-03-28 22:00:00,0.36221823
2025-03-28 23:00:00,0.2562745
2025-03-29 00:00:00,0.15404803
2025-03-29 01:00:00,0.054264206
2025-03-29 02:00:00,-0.03164616
2025-03-29 03:00:00,-0.12053833
2025-03-29 04:00:00,-0.172134
2025-03-29 05:00:00,-0.08006312
2025-03-29 06:00:00,0.075054
2025-03-29 07:00:00,0.29791886
2025-03-29 08:00:00,0.4456785
2025-03-29 09:00:00,0.4909046
2025-03-29 10:00:00,0.4042102
2025-03-29 11:00:00,0.3043583
2025-03-29 12:00:00,0.2041053
2025-03-29 13:00:00,0.11235179
2025-03-29 14:00:00,0.02405489
2025-03-29 15:00:00,-0.06848243
2025-03-29 16:00:00,-0.13334388
2025-03-29 17:00:00,-0.06958327
2025-03-29 18:00:00,0.089144245
2025-03-29 19:00:00,0.30578429
2025-03-29 20:00:00,0.46837753
2025-03-29 21:00:00,0.53150755
2025-03-29 22:00:00,0.45479637
2025-03-29 23:00:00,0.35269764
2025-03-30 00:00:00,0.24590024
2025-03-30 01:00:00,0.14546327
2025-03-30 02:00:00,0.04430706
2025-03-30 03:00:00,-0.04421263
2025-03-30 04:00:00,-0.13005656
2025-03-30 05:00:00,-0.148692
2025-03-30 06:00:00,-0.007519627
2025-03-30 07:00:00,0.15189072
2025-03-30 08:00:00,0.397771
2025-03-30 09:00:00,0.51305413
2025-03-30 10:00:00,0.5238977
2025-03-30 11:00:00,0.42961976
2025-03-30 12:00:00,0.33233085
2025-03-30 13:00:00,0.22740921
2025-03-30 14:00:00,0.12366349
2025-03-30 15:00:00,0.03035375
2025-03-30 16:00:00,-0.060807195
2025-03-30 17:00:00,-0.11133889
2025-03-30 18:00:00,-0.011129704
2025-03-30 19:00:00,0.14841469
2025-03-30 20:00:00,0.3873183
2025-03-30 21:00:00,0.51029307
2025-03-30 22:00:00,0.5267266
2025-03-30 23:00:00,0.41822928
2025-03-31 00:00:00,0.31424287
2025-03-31 01:00:00,0.21220835
2025-03-31 02:00:00,0.11289823
2025-03-31 03:00:00,0.021051936
2025-03-31 04:00:00,-0.07009441
2025-03-31 05:00:00,-0.14410599
2025-03-31 06:00:00,-0.101836786
2025-03-31 07:00:00,0.061307155
2025-03-31 08:00:00,0.27173656
2025-03-31 09:00:00,0.4658098
2025-03-31 10:00:00,0.55623496
2025-03-31 11:00:00,0.51490027
2025-03-31 12:00:00,0.41442156
2025-03-31 13:00:00,0.3076017
2025-03-31 14:00:00,0.20362654
2025-03-31 15:00:00,0.10021512
2025-03-31 16:00:00,0.011639848
2025-03-31 17:00:00,-0.07290114
2025-03-31 18:00:00,-0.082129106
2025-03-31 19:00:00,0.057646338
2025-03-31 20:00:00,0.21000007
2025-03-31 21:00:00,0.4323448
2025-03-31 22:00:00,0.5193587
2025-03-31 23:00:00,0.4803226
2025-04-01 00:00:00,0.3808732
2025-04-01 01:00:00,0.27629742
2025-04-01 02:00:00,0.17933276
2025-04-01 03:00:00,0.08039269
2025-04-01 04:00:00,-0.005236219
2025-04-01 05:00:00,-0.08917846
2025-04-01 06:00:00,-0.13103466
2025-04-01 07:00:00,-0.0226439
2025-04-01 08:00:00,0.1370797
2025-04-01 09:00:00,0.38484913
2025-04-01 10:00:00,0.5210631
2025-04-01 11:00:00,0.5748161
2025-04-01 12:00:00,0.49309078
2025-04-01 13:00:00,0.39256358
2025-04-01 14:00:00,0.28502133
2025-04-01 15:00:00,0.18313055
2025-04-01 16:00:00,0.08320939
2025-04-01 17:00:00,0.0011014069
2025-04-01 18:00:00,-0.06500802
2025-04-01 19:00:00,-0.024739496
2025-04-01 20:00:00,0.11770055
2025-04-01 21:00:00,0.2853722
2025-04-01 22:00:00,0.44587508
2025-04-01 23:00:00,0.4788028
2025-04-02 00:00:00,0.39920726
2025-04-02 01:00:00,0.30658114
2025-04-02 02:00:00,0.21040218
2025-04-02 03:00:00,0.117831916
2025-04-02 04:00:00,0.03180227
2025-04-02 05:00:00,-0.054503776
2025-04-02 06:00:00,-0.12694813
2025-04-02 07:00:00,-0.11535205
2025-04-02 08:00:00,0.019359648
2025-04-02 09:00:00,0.16585836
2025-04-02 10:00:00,0.39211768
2025-04-02 11:00:00,0.5039761
2025-04-02 12:00:00,0.50124085
2025-04-02 13:00:00,0.41932562
2025-04-02 14:00:00,0.31872305
2025-04-02 15:00:00,0.21988532
2025-04-02 16:00:00,0.12530345
2025-04-02 17:00:00,0.04023552
2025-04-02 18:00:00,-0.036933094
